{"cameraMode":{"drawMode":0,"name":"Shaded","section":"Shading Mode"},"sceneLighting":true,"audioPlay":false,"sceneViewState":{"m_AlwaysRefresh":false,"showFog":true,"showSkybox":true,"showFlares":true,"showImageEffects":true,"showParticleSystems":true,"showVisualEffectGraphs":true,"m_FxEnabled":true},"in2DMode":false,"pivot":{"x":386.9187927246094,"y":2.2343368530273439,"z":459.50628662109377},"rotation":{"x":0.029378710314631463,"y":-0.024290911853313447,"z":-0.000714528257958591,"w":-0.9993067383766174},"size":4.270981311798096,"orthographic":false}