{"cameraMode":{"drawMode":0,"name":"Shaded","section":"Shading Mode"},"sceneLighting":true,"audioPlay":false,"sceneViewState":{"m_AlwaysRefresh":false,"showFog":true,"showSkybox":true,"showFlares":true,"showImageEffects":true,"showParticleSystems":true,"showVisualEffectGraphs":true,"m_FxEnabled":true},"in2DMode":false,"pivot":{"x":387.3634338378906,"y":2.4680371284484865,"z":457.5189514160156},"rotation":{"x":0.059335969388484958,"y":-0.02665357105433941,"z":-0.0015838430263102055,"w":-0.9979057312011719},"size":1.7083468437194825,"orthographic":false}